question,answer,status,label
1+1等于几？,1+1 等于 **2**。,ok,格式问题
中国的首都是哪里？,中国的首都是**北京**。,ok,格式问题
太阳从哪个方向升起？,"太阳从**东方**升起。

更准确地说：

- **普遍情况**：太阳每天从东方升起，向西方落下。这是因为地球自西向东自转。
- **严格来说**：只有春分和秋分这两天，太阳才**正东**升起、**正西**落下。
  - **春分到秋分**（北半球夏半年）：太阳从**东北**方向升起，向**西北**方向落下。
  - **秋分到春分**（北半球冬半年）：太阳从**东南**方向升起，向**西南**方向落下。

所以日常说“太阳从东方升起”是正确的，但具体方位会随季节略有偏移。",ok,格式问题
水的沸点是多少度？,"在标准大气压（1 atm，约 101.325 kPa）下，水的沸点是 **100 摄氏度（100 °C）**，也就是 **212 华氏度（212 °F）**。

不过要注意：沸点会随气压变化。气压越低，沸点越低；气压越高，沸点越高。比如在高山上，水可能不到 100 °C 就沸腾了。",ok,格式问题
地球有几个卫星？,"地球目前有 **1 颗天然卫星**，就是**月球**。

如果算上人造卫星，那就非常多了——人类从1957年以来已经发射了成千上万颗人造卫星，目前仍在轨运行的有数千颗，具体数量每天都在变化。

所以简单回答：

- **天然卫星：1 颗（月球）**
- **人造卫星：很多，几千颗在轨**",ok,答非所问
Python 是谁创造的？,"Python 是由 **Guido van Rossum**（吉多·范罗苏姆）创造的。

他是一位荷兰程序员，1989 年圣诞节期间开始开发 Python，并在 1991 年首次发布了 Python 0.9.0。Guido 因此也被 Python 社区亲切地称为 **“Benevolent Dictator For Life”（BDFL，终身仁慈独裁者）**，直到 2018 年他辞去这一称号。

Python 的设计哲学强调代码的**可读性和简洁性**，名字则来源于他喜欢的英国喜剧团体 **Monty Python**，而不是大家常误以为的蟒蛇。",ok,格式问题
一年有多少个月？,一年有 **12 个月**。,ok,格式问题
一周有几天？,"一周有 **7 天**。

分别是：星期一、星期二、星期三、星期四、星期五、星期六、星期日（星期天）。",ok,格式问题
彩虹有几种颜色？,"彩虹通常被认为有 **7种颜色**，这是最常见的一种说法。

这七种颜色按顺序是：

1. **红**
2. **橙**
3. **黄**
4. **绿**
5. **蓝**
6. **靛**
7. **紫**

这个“七色”说法在很多地方，尤其是学校里，被广泛传授。它最早可以追溯到牛顿，他把光谱分成了七种颜色，以对应音乐中的七个音符。

不过，从科学角度看，彩虹其实是一个**连续的光谱**，颜色之间是平滑过渡的，并没有严格的分界线。因此：

- 有的地方说 **6种颜色**（红、橙、黄、绿、蓝、紫）
- 有的地方说 **5种颜色**
- 不同文化对颜色的划分也不一样

所以，**“彩虹有7种颜色”是通常说法，但本质上它是连续渐变的。**",ok,格式问题
冰是水的什么状态？,"冰是水的**固态**。

水在自然界中有三种常见状态：
- **固态**：冰、雪、霜
- **液态**：水
- **气态**：水蒸气

所以，冰是水在温度降到 **0℃或以下**（在一个标准大气压下）时形成的固态形式。",ok,格式问题
